scheibe_id,lochkreis,werkstoff,werkzeug_id,bohrung_nr,VB,VBmax,isp_max,isp_mittel,isp_std,iz_max,iz_mittel,iz_std
1,aussen,DA718,7,2,45.166666666666664,100.83333333333333,0.458,0.3385,0.0812,,,
1,aussen,DA718,7,6,87.5,132.66666666666666,0.957,0.60744,0.29881,1.0997,1.02467,0.063
1,aussen,DA718,7,10,118.83333333333333,152.33333333333334,1.0459,0.65701,0.34728,1.1235,1.01308,0.05692
1,aussen,DA718,7,14,141.33333333333334,172.83333333333334,1.217,0.9345,0.2767,,,
1,aussen,DA718,7,18,148.5,192.66666666666666,1.0459,0.81245,0.2186,1.1759,1.06718,0.11774
1,aussen,DA718,8,2,58.333333333333336,125.83333333333333,0.8135,0.54573,0.17287,1.1331,1.03006,0.04296
1,aussen,DA718,8,6,96.5,148.5,0.841,0.6419,0.1651,1.1711,1.06579,0.10664
1,aussen,DA718,8,10,117.5,171.5,0.984,0.6976,0.1851,1.19,1.092,0.103
1,aussen,DA718,8,14,142.0,185.5,0.943,0.7494,0.1881,1.204,1.0975,0.1019
1,aussen,DA718,8,18,165.0,204.66666666666666,0.991,0.777,0.2063,1.233,1.1152,0.1029
1,aussen,DA718,9,2,56.5,123.0,0.52,0.377,0.107,1.214,1.1138,0.0706
1,aussen,DA718,9,6,91.66666666666667,150.33333333333334,0.622,0.5102,0.1281,1.209,1.104,0.0943
1,aussen,DA718,9,10,122.66666666666667,168.66666666666666,0.704,0.5604,0.1433,1.228,1.112,0.1044
1,aussen,DA718,9,14,149.83333333333334,187.33333333333334,0.759,0.6004,0.1651,1.233,1.1185,0.1001
1,aussen,DA718,9,18,171.5,204.83333333333334,0.82,0.6546,0.1741,1.204,1.098,0.0962
1,aussen,DA718,10,2,54.5,124.0,0.513,0.4011,0.1033,1.157,1.0482,0.0851
1,aussen,DA718,10,6,93.5,151.16666666666666,0.581,0.4719,0.1284,1.195,1.1007,0.0908
1,aussen,DA718,10,10,122.0,170.16666666666666,0.663,0.5402,0.1499,1.219,1.1181,0.095
1,aussen,DA718,10,14,143.66666666666666,186.33333333333334,0.752,0.617,0.1588,1.243,1.1342,0.1065
1,aussen,DA718,10,18,175.16666666666666,204.0,0.793,0.6489,0.1732,1.228,1.1216,0.096
1,aussen,DA718,11,2,54.833333333333336,134.83333333333334,0.479,0.3767,0.1024,1.16,1.064,0.098
1,aussen,DA718,11,6,94.5,153.66666666666666,0.629,0.499,0.139,1.195,1.0884,0.0875
1,aussen,DA718,11,10,121.83333333333333,175.16666666666666,0.677,0.5444,0.149,1.181,1.0782,0.0941
1,aussen,DA718,11,14,145.33333333333334,189.16666666666666,0.786,0.6171,0.1709,1.209,1.1035,0.0937
1,aussen,DA718,11,18,165.0,207.66666666666666,0.8,0.6402,0.1727,1.219,1.1266,0.1043
1,aussen,DA718,12,2,55.833333333333336,117.16666666666667,0.54,0.4098,0.1087,1.14,1.043,0.087
1,aussen,DA718,12,6,96.33333333333333,145.66666666666666,0.622,0.4875,0.1321,1.214,1.0982,0.0937
1,aussen,DA718,12,10,122.16666666666667,164.0,0.718,0.5747,0.1471,1.224,1.1156,0.0824
1,aussen,DA718,12,14,151.5,185.83333333333334,0.793,0.6303,0.1656,1.243,1.1324,0.1054
1,aussen,DA718,12,18,167.0,199.66666666666666,0.793,0.6195,0.1818,1.247,1.1321,0.1033
1,aussen,DA718,13,2,54.666666666666664,120.66666666666667,0.663,0.5181,0.1283,1.204,1.0977,0.0931
1,aussen,DA718,13,6,90.66666666666667,147.83333333333334,0.848,0.6532,0.1687,1.185,1.0738,0.0999
1,aussen,DA718,13,10,118.5,169.66666666666666,0.95,0.7298,0.1657,1.176,1.0746,0.106
1,aussen,DA718,13,14,143.5,184.83333333333334,0.916,0.7314,0.1828,1.195,1.087,0.1021
1,aussen,DA718,13,18,166.66666666666666,200.5,0.971,0.7771,0.2006,1.238,1.1198,0.0983
1,aussen,DA718,14,2,53.666666666666664,144.83333333333334,0.854,0.6705,0.1637,1.166,1.0632,0.0936
1,aussen,DA718,14,6,92.66666666666667,167.33333333333334,0.957,0.7641,0.1792,1.2,1.0816,0.0955
1,aussen,DA718,14,10,120.16666666666667,186.33333333333334,1.053,0.8157,0.2079,1.252,1.1328,0.1074
1,aussen,DA718,14,14,143.33333333333334,198.33333333333334,1.087,0.8652,0.2149,1.233,1.1253,0.1058
1,aussen,DA718,14,18,167.33333333333334,217.5,1.162,0.9059,0.2394,1.304,1.1713,0.0991
1,mittel,IN718,1,2,39.3333333333333,108.33333333333333,0.3076,0.24549,0.05112,0.557,0.4497,0.0478
1,mittel,IN718,1,6,68.66666666666667,137.0,0.383,0.3221,0.0681,0.557,0.4436,0.0521
1,mittel,IN718,1,10,90.66666666666667,145.16666666666666,0.4375,0.36527,0.07603,0.557,0.4459,0.0582
1,mittel,IN718,1,14,103.33333333333333,157.83333333333334,0.513,0.4416,0.0944,0.576,0.4795,0.0548
1,mittel,IN718,1,18,118.16666666666667,166.0,0.561,0.4764,0.0999,0.59,0.4704,0.0619
1,mittel,IN718,2,2,49.0,104.0,0.4,0.299,0.076,0.495,0.395,0.0532
1,mittel,IN718,2,6,64.83333333333333,128.16666666666666,0.492,0.382,0.0843,0.543,0.4199,0.0626
1,mittel,IN718,2,10,78.66666666666667,137.83333333333334,0.513,0.4066,0.0894,0.538,0.4356,0.072
1,mittel,IN718,2,14,93.33333333333333,143.16666666666666,0.561,0.4522,0.1056,0.543,0.4245,0.0678
1,mittel,IN718,2,18,104.66666666666667,161.33333333333334,0.677,0.5427,0.1278,0.567,0.4458,0.0647
1,mittel,IN718,3,2,40.833333333333336,98.5,0.376,0.2747,0.0696,0.5,0.3909,0.0567
1,mittel,IN718,3,6,65.66666666666667,116.83333333333333,0.465,0.3617,0.0768,0.505,0.4082,0.0671
1,mittel,IN718,3,10,80.83333333333333,132.0,0.567,0.4322,0.096,0.538,0.4288,0.0603
1,mittel,IN718,3,14,107.83333333333333,146.5,0.697,0.5548,0.1281,0.543,0.4275,0.061
1,mittel,IN718,3,18,119.5,159.33333333333334,0.608,0.497,0.1095,0.524,0.4235,0.0622
1,mittel,IN718,4,2,41.5,113.66666666666667,0.355,0.2703,0.0617,0.486,0.3857,0.0523
1,mittel,IN718,4,6,63.0,137.5,0.438,0.3506,0.0782,0.509,0.4061,0.0574
1,mittel,IN718,4,10,74.66666666666667,145.83333333333334,0.561,0.4334,0.0985,0.514,0.4069,0.0611
1,mittel,IN718,4,14,98.5,158.33333333333334,0.663,0.524,0.1251,0.528,0.4226,0.0703
1,mittel,IN718,4,18,114.83333333333333,172.66666666666666,0.731,0.5988,0.1384,0.552,0.4381,0.0652
1,mittel,IN718,5,2,42.5,109.83333333333333,0.485,0.3571,0.0802,0.481,0.3816,0.0441
1,mittel,IN718,5,6,65.33333333333333,128.66666666666666,0.52,0.3789,0.0922,0.519,0.4202,0.0627
1,mittel,IN718,5,10,84.83333333333333,142.0,0.649,0.4703,0.1096,0.528,0.4256,0.0679
1,mittel,IN718,5,14,100.33333333333333,155.83333333333334,0.704,0.5158,0.1101,0.552,0.4412,0.0733
1,mittel,IN718,5,18,120.66666666666667,167.5,0.69,0.5529,0.1242,0.552,0.4425,0.0746
1,mittel,IN718,6,2,42.0,114.16666666666667,0.349,0.264,0.0574,0.519,0.3984,0.0541
1,mittel,IN718,6,6,69.83333333333333,127.83333333333333,0.424,0.3449,0.0751,0.562,0.4464,0.0579
1,mittel,IN718,6,10,89.33333333333333,144.5,0.479,0.3865,0.0857,0.557,0.4394,0.0627
1,mittel,IN718,6,14,104.16666666666667,154.83333333333334,0.588,0.4644,0.1088,0.557,0.4419,0.0712
1,mittel,IN718,6,18,118.66666666666667,165.83333333333334,0.608,0.5001,0.1093,0.571,0.4564,0.0767
2,aussen,DA718,15,2,44.333333333333336,137.33333333333334,0.533,0.42,0.1171,1.19,1.088,0.069
2,aussen,DA718,15,6,86.33333333333333,150.0,0.663,0.5027,0.1441,1.17,1.071,0.098
2,aussen,DA718,15,10,117.5,169.66666666666666,0.704,0.5543,0.1653,1.21,1.113,0.093
2,aussen,DA718,15,14,144.0,186.83333333333334,0.793,0.6144,0.18,1.22,1.125,0.092
2,aussen,DA718,15,18,164.0,198.16666666666666,0.841,0.6932,0.1924,1.22,1.104,0.103
2,aussen,DA718,17,2,36.5,92.5,0.1299,0.08027,0.03178,1.14,1.06,0.086
2,aussen,DA718,17,6,69.5,127.0,0.485,0.3907,0.109,1.22,1.125,0.09
2,aussen,DA718,17,10,101.33333333333333,151.5,0.567,0.46,0.1374,1.266,1.1695,0.0822
2,aussen,DA718,17,14,125.5,167.5,0.649,0.5329,0.1517,1.295,1.1734,0.1031
2,aussen,DA718,17,18,151.83333333333334,182.66666666666666,0.731,0.6013,0.1724,1.314,1.1958,0.1049
2,aussen,DA718,18,2,50.833333333333336,109.66666666666667,0.485,0.3881,0.1016,1.1949,1.10314,0.08377
2,aussen,DA718,18,6,89.33333333333333,133.33333333333334,0.608,0.4958,0.126,1.2,1.098,0.083
2,aussen,DA718,18,10,115.0,150.83333333333334,0.697,0.5689,0.1526,1.252,1.1496,0.0819
2,aussen,DA718,18,14,138.0,165.83333333333334,0.766,0.5975,0.1677,1.24,1.14,0.084
2,aussen,DA718,18,18,159.33333333333334,182.16666666666666,0.813,0.6488,0.1815,1.29,1.168,0.0862
2,aussen,DA718,19,2,43.333333333333336,105.16666666666667,0.362,0.2785,0.0799,1.2,1.112,0.065
2,aussen,DA718,19,6,73.0,126.83333333333333,0.492,0.3945,0.1079,1.24,1.137,0.082
2,aussen,DA718,19,10,112.16666666666667,150.66666666666666,0.615,0.5,0.1368,1.27,1.16,0.079
2,aussen,DA718,19,14,135.5,164.83333333333334,0.711,0.5705,0.1605,1.304,1.1678,0.0811
2,aussen,DA718,19,18,154.16666666666666,178.5,0.807,0.6454,0.1801,1.27,1.166,0.06
2,aussen,DA718,20,2,43.833333333333336,119.83333333333333,0.458,0.3601,0.0996,1.2,1.103,0.076
2,aussen,DA718,20,6,81.0,142.66666666666666,0.561,0.4429,0.1276,1.26,1.168,0.082
2,aussen,DA718,20,10,110.16666666666667,159.33333333333334,0.697,0.5659,0.1483,1.25,1.155,0.074
2,aussen,DA718,20,14,137.16666666666666,176.5,0.697,0.5524,0.15,1.29,1.189,0.082
2,aussen,DA718,20,18,157.16666666666666,189.33333333333334,0.772,0.6231,0.1765,1.31,1.195,0.082
2,aussen,DA718,21,2,47.5,139.5,0.41,0.3251,0.094,1.23,1.131,0.081
2,aussen,DA718,21,6,76.16666666666667,158.0,0.526,0.4229,0.1223,1.25,1.144,0.073
2,aussen,DA718,21,10,111.0,174.66666666666666,0.697,0.5249,0.1543,1.26,1.169,0.063
2,aussen,DA718,21,14,142.0,191.83333333333334,0.711,0.5572,0.1571,1.28,1.174,0.084
2,aussen,DA718,21,18,163.33333333333334,204.83333333333334,0.745,0.5708,0.1663,1.29,1.193,0.089
2,aussen,DA718,22,2,45.5,121.83333333333333,0.465,0.36,0.0996,1.18,1.075,0.082
2,aussen,DA718,22,6,84.16666666666667,149.0,0.608,0.4766,0.1309,1.2,1.101,0.076
2,aussen,DA718,22,10,116.5,163.83333333333334,0.677,0.5531,0.1391,1.22,1.119,0.07
2,aussen,DA718,22,14,141.5,180.0,0.766,0.6064,0.1683,1.24,1.133,0.067
2,aussen,DA718,22,18,163.33333333333334,191.5,0.827,0.6621,0.182,1.26,1.162,0.086
2,innen,IN718,29,2,73.33333333333333,121.0,0.328,0.2389,0.0793,0.5951,0.49765,0.05221
2,innen,IN718,29,6,61.166666666666664,133.33333333333334,0.396,0.296,0.0988,0.624,0.5216,0.0565
2,innen,IN718,29,10,78.0,142.5,0.472,0.3501,0.1195,0.614,0.522,0.0693
2,innen,IN718,29,14,94.5,153.5,0.513,0.3854,0.1214,0.652,0.5437,0.0723
2,innen,IN718,29,18,109.5,166.5,0.554,0.4051,0.1319,0.652,0.5383,0.0785
2,innen,IN718,30,2,39.166666666666664,106.5,0.424,0.3052,0.1025,0.586,0.4901,0.0541
2,innen,IN718,30,6,60.833333333333336,119.66666666666667,0.472,0.3286,0.1104,0.609,0.5023,0.0766
2,innen,IN718,30,10,79.5,135.0,0.499,0.3712,0.1257,0.638,0.53,0.0672
2,innen,IN718,30,14,96.66666666666667,145.83333333333334,0.595,0.4365,0.1478,0.624,0.5201,0.0688
2,innen,IN718,30,18,111.66666666666667,156.83333333333334,0.629,0.4674,0.1639,0.647,0.5385,0.0688
2,innen,IN718,31,2,39.833333333333336,111.83333333333333,0.417,0.291,0.0894,0.595,0.5047,0.0533
2,innen,IN718,31,6,63.833333333333336,123.83333333333333,0.479,0.3483,0.1053,0.638,0.5356,0.0581
2,innen,IN718,31,10,81.16666666666667,135.0,0.561,0.3823,0.1173,0.643,0.5483,0.0731
2,innen,IN718,31,14,95.16666666666667,146.66666666666666,0.636,0.4369,0.1369,0.657,0.5556,0.0725
2,innen,IN718,31,18,110.5,156.66666666666666,0.684,0.4773,0.1598,0.676,0.5683,0.0806
2,innen,IN718,32,2,38.666666666666664,110.5,0.362,0.2489,0.0832,0.605,0.5047,0.0633
2,innen,IN718,32,6,58.333333333333336,123.0,0.424,0.3156,0.1059,0.643,0.5441,0.0647
2,innen,IN718,32,10,74.83333333333333,134.0,0.444,0.3374,0.1078,0.643,0.5402,0.0697
2,innen,IN718,32,14,97.0,148.66666666666666,0.492,0.3671,0.1172,0.647,0.5481,0.0778
2,innen,IN718,32,18,106.0,159.5,0.581,0.4393,0.1402,0.686,0.5821,0.0725
2,innen,IN718,33,2,37.166666666666664,112.33333333333333,0.355,0.2552,0.0851,0.609,0.5119,0.0506
2,innen,IN718,33,6,59.666666666666664,123.5,0.403,0.3034,0.1001,0.619,0.5228,0.0633
2,innen,IN718,33,10,77.83333333333333,138.83333333333334,0.431,0.3281,0.1003,0.662,0.5583,0.0736
2,innen,IN718,33,14,94.83333333333333,153.16666666666666,0.506,0.3723,0.1222,0.686,0.5752,0.0749
2,innen,IN718,33,18,105.83333333333333,166.33333333333334,0.513,0.3858,0.1313,0.686,0.5816,0.0796
2,innen,IN718,34,2,38.166666666666664,123.33333333333333,0.314,0.2174,0.0726,0.595,0.4941,0.0567
2,innen,IN718,34,6,60.166666666666664,133.33333333333334,0.383,0.2655,0.0904,0.614,0.5062,0.0679
2,innen,IN718,34,10,74.83333333333333,140.66666666666666,0.444,0.3232,0.1083,0.619,0.5179,0.0741
2,innen,IN718,34,14,92.5,153.0,0.472,0.3559,0.114,0.638,0.5271,0.0859
2,innen,IN718,34,18,103.83333333333333,166.16666666666666,0.526,0.3992,0.1251,0.652,0.5439,0.0728
2,mittel,IN718,23,2,42.666666666666664,121.16666666666667,0.33,0.209,0.107,0.6237,0.52947,0.07095
2,mittel,IN718,23,6,62.0,135.83333333333334,0.451,0.3271,0.1136,0.662,0.5507,0.087
2,mittel,IN718,23,10,81.83333333333333,149.5,0.533,0.3788,0.1341,0.662,0.5553,0.0877
2,mittel,IN718,23,14,95.33333333333333,158.66666666666666,0.567,0.4079,0.1451,0.652,0.5484,0.0964
2,mittel,IN718,23,18,114.83333333333333,168.66666666666666,0.615,0.4456,0.1592,0.681,0.575,0.0983
2,mittel,IN718,24,2,40.0,127.5,0.294,0.1943,0.0833,0.586,0.4769,0.0741
2,mittel,IN718,24,6,65.16666666666667,140.16666666666666,0.417,0.2917,0.1076,0.624,0.515,0.0774
2,mittel,IN718,24,10,83.16666666666667,150.83333333333334,0.472,0.3454,0.1296,0.614,0.5077,0.0888
2,mittel,IN718,24,14,103.5,163.83333333333334,0.506,0.381,0.1349,0.619,0.5101,0.0965
2,mittel,IN718,24,18,115.66666666666667,174.66666666666666,0.54,0.4031,0.1493,0.624,0.5233,0.0872
2,mittel,IN718,25,2,39.833333333333336,114.33333333333333,0.321,0.2358,0.0853,0.581,0.4845,0.0821
2,mittel,IN718,25,6,62.5,126.5,0.41,0.2966,0.1076,0.609,0.5057,0.0786
2,mittel,IN718,25,10,80.5,138.66666666666666,0.458,0.3321,0.1283,0.624,0.5219,0.0843
2,mittel,IN718,25,14,96.83333333333333,150.16666666666666,0.485,0.3541,0.1326,0.605,0.5016,0.0813
2,mittel,IN718,25,18,110.83333333333333,163.33333333333334,0.554,0.4111,0.1483,0.624,0.5091,0.0901
2,mittel,IN718,26,2,39.5,110.33333333333333,0.342,0.2503,0.0784,0.586,0.4832,0.0757
2,mittel,IN718,26,6,60.833333333333336,122.33333333333333,0.403,0.2892,0.1064,0.595,0.4925,0.0817
2,mittel,IN718,26,10,78.0,137.66666666666666,0.451,0.3319,0.1227,0.633,0.5254,0.0817
2,mittel,IN718,26,14,94.16666666666667,147.33333333333334,0.499,0.3826,0.134,0.662,0.5481,0.0856
2,mittel,IN718,26,18,108.16666666666667,160.0,0.547,0.4049,0.1486,0.638,0.5295,0.097
2,mittel,IN718,27,2,39.833333333333336,130.0,0.314,0.2273,0.0809,0.581,0.4751,0.0678
2,mittel,IN718,27,6,62.166666666666664,138.33333333333334,0.342,0.249,0.0899,0.586,0.49,0.0626
2,mittel,IN718,27,10,82.83333333333333,146.66666666666666,0.431,0.3234,0.1155,0.6,0.5053,0.0708
2,mittel,IN718,27,14,97.83333333333333,159.83333333333334,0.465,0.3553,0.1283,0.609,0.5062,0.0848
2,mittel,IN718,27,18,114.16666666666667,169.5,0.506,0.3777,0.1351,0.628,0.521,0.0972
2,mittel,IN718,28,2,40.5,111.33333333333333,0.396,0.2741,0.0958,0.557,0.4567,0.0763
2,mittel,IN718,28,6,66.5,128.0,0.479,0.3388,0.1127,0.595,0.4936,0.0787
2,mittel,IN718,28,10,85.83333333333333,139.33333333333334,0.465,0.3244,0.1312,0.6,0.4947,0.0855
2,mittel,IN718,28,14,102.66666666666667,151.33333333333334,0.506,0.3717,0.1341,0.609,0.5062,0.0852
2,mittel,IN718,28,18,119.83333333333333,167.16666666666666,0.608,0.4315,0.166,0.643,0.5377,0.083
3,aussen,DA718,35,2,50.666666666666664,117.5,0.5127,0.39917,0.10314,1.2568,1.16495,0.07974
3,aussen,DA718,35,6,87.83333333333333,140.33333333333334,0.567,0.4518,0.1201,1.29,1.189,0.106
3,aussen,DA718,35,10,114.5,160.0,0.656,0.5186,0.1558,1.309,1.2129,0.1179
3,aussen,DA718,35,14,140.66666666666666,181.5,0.916,0.7255,0.1896,1.314,1.2128,0.1059
3,aussen,DA718,35,18,160.0,191.5,0.807,0.6385,0.1938,1.352,1.2364,0.096
3,aussen,DA718,36,2,52.333333333333336,109.0,0.485,0.3751,0.1019,1.2,1.084,0.086
3,aussen,DA718,36,6,87.83333333333333,135.0,0.622,0.482,0.1364,1.209,1.1095,0.0891
3,aussen,DA718,36,10,112.33333333333333,154.83333333333334,0.731,0.5643,0.1395,1.23,1.132,0.086
3,aussen,DA718,36,14,137.66666666666666,172.33333333333334,0.772,0.5977,0.1749,1.266,1.1487,0.1017
3,aussen,DA718,36,18,161.0,191.0,0.827,0.6286,0.1921,1.276,1.1817,0.0865
3,aussen,DA718,37,2,52.5,116.83333333333333,0.492,0.3931,0.0981,1.16,1.065,0.086
3,aussen,DA718,37,6,90.66666666666667,145.16666666666666,0.622,0.4997,0.1339,1.21,1.118,0.096
3,aussen,DA718,37,10,120.66666666666667,161.0,0.718,0.5623,0.1516,1.24,1.129,0.094
3,aussen,DA718,37,14,142.83333333333334,173.33333333333334,0.8,0.6237,0.1702,1.25,1.141,0.086
3,aussen,DA718,37,18,162.83333333333334,190.5,0.882,0.6886,0.1887,1.266,1.1609,0.0933
3,aussen,DA718,38,2,47.0,108.16666666666667,0.355,0.2614,0.0773,1.19,1.074,0.068
3,aussen,DA718,38,6,91.5,133.33333333333334,0.506,0.3983,0.1141,1.19,1.095,0.072
3,aussen,DA718,38,10,115.33333333333333,152.16666666666666,0.677,0.5567,0.1487,1.21,1.11,0.089
3,aussen,DA718,38,14,139.83333333333334,168.16666666666666,0.718,0.5571,0.1675,1.24,1.139,0.093
3,aussen,DA718,38,18,158.83333333333334,185.83333333333334,0.697,0.5431,0.1674,1.26,1.159,0.084
3,aussen,DA718,39,2,51.833333333333336,129.66666666666666,0.328,0.2489,0.078,1.18,1.074,0.092
3,aussen,DA718,39,6,89.0,146.16666666666666,0.581,0.4527,0.1273,1.21,1.12,0.081
3,aussen,DA718,39,10,115.5,164.0,0.547,0.4384,0.1337,1.23,1.127,0.086
3,aussen,DA718,39,14,141.66666666666666,181.83333333333334,0.718,0.5622,0.1679,1.24,1.151,0.099
3,aussen,DA718,39,18,167.0,200.0,0.731,0.5928,0.1641,1.24,1.138,0.099
3,aussen,DA718,40,2,49.833333333333336,116.0,0.479,0.3734,0.0991,1.15,1.061,0.088
3,aussen,DA718,40,6,85.66666666666667,134.33333333333334,0.602,0.4655,0.1237,1.21,1.116,0.093
3,aussen,DA718,40,10,116.16666666666667,153.0,0.622,0.5035,0.1457,1.29,1.17,0.094
3,aussen,DA718,40,14,136.0,170.0,0.759,0.5644,0.1842,1.24,1.139,0.099
3,aussen,DA718,40,18,160.83333333333334,192.16666666666666,0.841,0.6598,0.1889,1.26,1.162,0.096
3,aussen,DA718,41,2,46.833333333333336,120.5,0.417,0.317,0.091,1.2,1.104,0.081
3,aussen,DA718,41,6,88.16666666666667,146.0,0.547,0.4376,0.1144,1.22,1.129,0.092
3,aussen,DA718,41,10,113.0,163.33333333333334,0.636,0.5211,0.1403,1.25,1.15,0.092
3,aussen,DA718,41,14,137.83333333333334,179.5,0.704,0.5654,0.1492,1.26,1.16,0.097
3,aussen,DA718,41,18,160.16666666666666,197.0,0.759,0.6312,0.1697,1.26,1.167,0.095
3,aussen,DA718,42,2,50.166666666666664,112.0,0.472,0.3701,0.0929,1.17,1.077,0.076
3,aussen,DA718,42,6,87.83333333333333,138.66666666666666,0.902,0.6694,0.1956,1.21,1.103,0.063
3,aussen,DA718,42,10,113.5,156.5,0.916,0.7257,0.1959,1.24,1.143,0.073
3,aussen,DA718,42,14,136.16666666666666,174.16666666666666,0.93,0.7533,0.2036,1.26,1.163,0.091
3,aussen,DA718,42,18,157.66666666666666,187.83333333333334,1.019,0.7578,0.2102,1.26,1.157,0.102
3,innen,IN718,49,2,38.0,119.66666666666667,0.308,0.2288,0.0776,0.628,0.5356,0.0624
3,innen,IN718,49,6,67.83333333333333,129.66666666666666,0.383,0.2629,0.1024,0.633,0.5379,0.0612
3,innen,IN718,49,10,78.5,131.66666666666666,0.451,0.3189,0.1147,0.643,0.531,0.0851
3,innen,IN718,49,14,97.5,151.16666666666666,0.547,0.3975,0.1344,0.681,0.5652,0.0898
3,innen,IN718,49,18,114.0,162.16666666666666,0.54,0.419,0.1384,0.695,0.5891,0.0929
3,innen,IN718,50,2,39.5,111.83333333333333,0.376,0.2745,0.0913,0.59,0.4968,0.0752
3,innen,IN718,50,6,60.333333333333336,124.66666666666667,0.465,0.3305,0.1162,0.638,0.5365,0.0782
3,innen,IN718,50,10,76.16666666666667,142.66666666666666,0.52,0.3772,0.1172,0.662,0.5609,0.0831
3,innen,IN718,50,14,93.5,149.0,0.574,0.4129,0.1399,0.686,0.5802,0.0773
3,innen,IN718,50,18,105.83333333333333,162.0,0.588,0.4241,0.1499,0.667,0.5499,0.0831
3,innen,IN718,51,2,35.5,120.33333333333333,0.376,0.2519,0.0911,0.59,0.4887,0.0615
3,innen,IN718,51,6,59.833333333333336,131.5,0.451,0.3263,0.1095,0.609,0.5033,0.076
3,innen,IN718,51,10,79.66666666666667,151.83333333333334,0.506,0.3661,0.1185,0.638,0.5316,0.0741
3,innen,IN718,51,14,95.0,159.66666666666666,0.547,0.4025,0.1374,0.657,0.5487,0.0897
3,innen,IN718,51,18,108.83333333333333,166.5,0.513,0.3761,0.142,0.647,0.5187,0.0832
3,innen,IN718,52,2,42.666666666666664,116.16666666666667,0.267,0.1914,0.0578,0.586,0.4967,0.0703
3,innen,IN718,52,6,61.833333333333336,123.16666666666667,0.349,0.2782,0.0708,0.614,0.5163,0.0838
3,innen,IN718,52,10,86.5,144.83333333333334,0.39,0.3202,0.0834,0.657,0.5505,0.0763
3,innen,IN718,52,14,98.83333333333333,152.33333333333334,0.444,0.3746,0.0902,0.671,0.5604,0.0753
3,innen,IN718,52,18,113.33333333333333,164.0,0.485,0.4021,0.1008,0.69,0.5699,0.0777
3,innen,IN718,53,2,37.166666666666664,110.66666666666667,0.301,0.2341,0.0598,0.595,0.4998,0.0641
3,innen,IN718,53,6,63.0,125.33333333333333,0.342,0.2763,0.0717,0.633,0.5333,0.0768
3,innen,IN718,53,10,77.16666666666667,136.5,0.424,0.331,0.0882,0.647,0.5503,0.0765
3,innen,IN718,53,14,93.5,153.66666666666666,0.451,0.3711,0.0978,0.667,0.5568,0.0853
3,innen,IN718,53,18,106.5,159.83333333333334,0.526,0.4294,0.1096,0.686,0.5631,0.0916
3,innen,IN718,54,2,35.166666666666664,98.33333333333333,0.342,0.2544,0.079,0.628,0.5093,0.083
3,innen,IN718,54,6,58.166666666666664,116.0,0.41,0.327,0.0855,0.609,0.5029,0.0885
3,innen,IN718,54,10,80.0,132.16666666666666,0.451,0.3572,0.0955,0.643,0.5251,0.0851
3,innen,IN718,54,14,95.0,148.0,0.485,0.3908,0.0967,0.657,0.5416,0.087
3,innen,IN718,54,18,107.5,160.5,0.54,0.4318,0.1137,0.667,0.5565,0.0835
3,mittel,IN718,43,2,34.833333333333336,103.83333333333333,0.328,0.1978,0.1003,0.543,0.4502,0.058
3,mittel,IN718,43,6,58.166666666666664,121.16666666666667,0.41,0.2614,0.1361,0.586,0.4935,0.0778
3,mittel,IN718,43,10,77.16666666666667,132.33333333333334,0.472,0.3506,0.1156,0.59,0.4888,0.0744
3,mittel,IN718,43,14,92.0,142.5,0.492,0.3613,0.1342,0.628,0.5288,0.0705
3,mittel,IN718,43,18,106.0,160.33333333333334,0.54,0.4055,0.1466,0.643,0.5394,0.0747
3,mittel,IN718,44,2,36.0,94.33333333333333,0.39,0.2723,0.0972,0.619,0.5174,0.0739
3,mittel,IN718,44,6,63.833333333333336,111.5,0.451,0.3162,0.1154,0.657,0.5506,0.0721
3,mittel,IN718,44,10,82.0,131.33333333333334,0.554,0.3954,0.1557,0.633,0.5363,0.0808
3,mittel,IN718,44,14,98.83333333333333,142.33333333333334,0.608,0.4312,0.1558,0.695,0.5831,0.0804
3,mittel,IN718,44,18,111.5,159.5,0.704,0.498,0.1924,0.667,0.5604,0.0921
3,mittel,IN718,45,2,36.833333333333336,106.66666666666667,0.342,0.243,0.0816,0.614,0.5144,0.0625
3,mittel,IN718,45,6,63.166666666666664,124.16666666666667,0.424,0.3058,0.1096,0.643,0.5451,0.0578
3,mittel,IN718,45,10,78.5,129.33333333333334,0.513,0.3676,0.1359,0.647,0.5412,0.0739
3,mittel,IN718,45,14,95.5,141.33333333333334,0.526,0.3942,0.132,0.671,0.5626,0.0784
3,mittel,IN718,45,18,124.5,173.83333333333334,0.643,0.464,0.1615,0.676,0.5636,0.0883
3,mittel,IN718,46,2,37.0,106.66666666666667,0.335,0.2212,0.0907,0.624,0.5216,0.071
3,mittel,IN718,46,6,62.666666666666664,127.33333333333333,0.431,0.2993,0.1024,0.614,0.5203,0.0728
3,mittel,IN718,46,10,81.5,138.33333333333334,0.485,0.3516,0.1224,0.662,0.5489,0.0756
3,mittel,IN718,46,14,99.33333333333333,155.33333333333334,0.52,0.3687,0.1409,0.671,0.5565,0.0851
3,mittel,IN718,46,18,116.33333333333333,164.0,0.581,0.4132,0.1524,0.681,0.5667,0.0892
3,mittel,IN718,47,2,38.333333333333336,113.83333333333333,0.267,0.1845,0.0686,0.576,0.4893,0.064
3,mittel,IN718,47,6,64.33333333333333,129.66666666666666,0.349,0.2498,0.1018,0.609,0.5068,0.0815
3,mittel,IN718,47,10,82.5,142.83333333333334,0.458,0.3251,0.1266,0.633,0.534,0.0809
3,mittel,IN718,47,14,97.83333333333333,149.16666666666666,0.533,0.3685,0.1414,0.643,0.5413,0.0742
3,mittel,IN718,47,18,111.83333333333333,166.33333333333334,0.52,0.3813,0.145,0.676,0.5725,0.073
3,mittel,IN718,48,2,39.166666666666664,126.66666666666667,0.287,0.1946,0.0762,0.605,0.5059,0.0678
3,mittel,IN718,48,6,63.5,140.16666666666666,0.328,0.2373,0.0895,0.624,0.5214,0.0782
3,mittel,IN718,48,10,83.33333333333333,149.66666666666666,0.403,0.2883,0.1057,0.624,0.5261,0.0727
3,mittel,IN718,48,14,97.5,155.83333333333334,0.492,0.3629,0.1313,0.667,0.5545,0.086
3,mittel,IN718,48,18,114.33333333333333,167.5,0.52,0.3744,0.149,0.681,0.5768,0.0759
4,aussen,DA718,55,2,51.833333333333336,128.5,0.4854,0.35271,0.10467,1.1045,1.00598,0.07613
4,aussen,DA718,55,6,86.66666666666667,148.5,0.499,0.40857,0.10957,1.214,1.11675,0.09237
4,aussen,DA718,55,10,115.33333333333333,159.5,0.6084,0.4736,0.13359,1.195,1.0901,0.0911
4,aussen,DA718,55,14,137.5,177.0,0.69,0.5593,0.1629,1.204,1.1028,0.098
4,aussen,DA718,55,18,161.16666666666666,193.83333333333334,0.745,0.5838,0.1728,1.2,1.0986,0.1093
4,aussen,DA718,56,2,46.833333333333336,113.16666666666667,0.779,0.5542,0.1435,1.133,1.0407,0.044
4,aussen,DA718,56,6,84.16666666666667,132.83333333333334,0.807,0.6117,0.1468,1.162,1.069,0.0645
4,aussen,DA718,56,10,106.0,146.83333333333334,0.848,0.6542,0.1588,1.185,1.0932,0.0726
4,aussen,DA718,56,14,131.33333333333334,165.66666666666666,0.964,0.7355,0.174,1.2,1.1047,0.0736
4,aussen,DA718,56,18,149.66666666666666,174.66666666666666,1.16,0.853,0.208,1.209,1.1172,0.0747
4,aussen,DA718,57,2,48.833333333333336,100.83333333333333,0.861,0.6331,0.198,1.12,1.038,0.067
4,aussen,DA718,57,6,81.33333333333333,119.33333333333333,0.909,0.7042,0.1993,1.19,1.102,0.062
4,aussen,DA718,57,10,110.33333333333333,143.0,0.909,0.7159,0.1855,1.176,1.0806,0.0698
4,aussen,DA718,57,14,129.33333333333334,160.0,0.984,0.7768,0.1898,1.176,1.0828,0.0663
4,aussen,DA718,57,18,147.33333333333334,174.5,0.971,0.7799,0.1996,1.176,1.0847,0.0797
4,aussen,DA718,58,2,50.166666666666664,115.0,0.54,0.41622,0.10012,1.1378,1.04379,0.07836
4,aussen,DA718,58,6,84.33333333333333,128.33333333333334,0.588,0.4839,0.1218,1.1949,1.09261,0.07223
4,aussen,DA718,58,10,107.66666666666667,145.16666666666666,0.677,0.5372,0.149,1.238,1.1462,0.0773
4,aussen,DA718,58,14,120.83333333333333,148.33333333333334,0.759,0.5914,0.1752,1.243,1.1498,0.078
4,aussen,DA718,58,18,155.5,185.5,0.834,0.65683,0.18557,1.238,1.1384,0.0799
4,aussen,DA718,59,2,46.0,106.83333333333333,0.554,0.4188,0.1119,1.166,1.0768,0.0604
4,aussen,DA718,59,6,83.33333333333333,128.83333333333334,0.718,0.5793,0.1409,1.181,1.085,0.0744
4,aussen,DA718,59,10,109.66666666666667,149.33333333333334,0.916,0.7054,0.1889,1.181,1.0811,0.0742
4,aussen,DA718,59,14,136.83333333333334,165.83333333333334,1.066,0.8185,0.2305,1.238,1.1241,0.0715
4,aussen,DA718,59,18,153.5,181.0,1.066,0.8264,0.226,1.228,1.1217,0.0791
